DROP TABLE MUSIC;
DROP TABLE ROOM;
DROP TABLE GUEST;
DROP TABLE EQUIPMENT;
DROP TABLE PROGRAM_;
DROP TABLE PRESENTER;
DROP TABLE EMPLOYEE;


CREATE TABLE EMPLOYEE (
    EMP_ID NUMBER NOT NULL, 
	LAST_NAME VARCHAR2(30) NOT NULL, 
	FIRST_NAME VARCHAR2(30) NOT NULL,
	AGE NUMBER NOT NULL, 
	DATE_OF_BIRTH DATE NOT NULL,
	EMP_TYPE VARCHAR2(30) NOT NULL, 
	HOME_LANGUAGE VARCHAR2(30) NOT NULL, 
	HIGHEST_CERTIFICATE VARCHAR2(30) NOT NULL, 
	EMP_HIREDATE DATE NOT NULL,
    SALARY NUMBER NOT NULL,
	HOMETOWN VARCHAR2(40), 
	GENDER VARCHAR2(6) NOT NULL, 
	CONTACT_NUMBER VARCHAR2(10), 
	EMAIL_ADDRESS VARCHAR2(40),
    CONSTRAINT employee_PK PRIMARY KEY (EMP_ID),
    CONSTRAINT CHK_employee CHECK (AGE>=17 AND SALARY >900)
   );
INSERT INTO EMPLOYEE VALUES (1101,'LETLHOYO','OLEBOGENG',22,(TO_DATE('1998-01-01','YYYY-MM-DD')),'PRESENTER','SETSWANA','DEGREE',(TO_DATE('2020-04-03','YYYY-MM-DD')),2000,'JOUBERTON','MALE','0794586363','SAVY@GMAIL.COM'); 
INSERT INTO EMPLOYEE VALUES (1102,'PHOGOJANE','KARABO',24,(TO_DATE('1996-01-09','YYYY-MM-DD')),'PRESENTER','SESOTHO','DEGREE',(TO_DATE('2013-05-07','YYYY-MM-DD')),2500,'DIBATE','MALE','0723730978','RABO@GMAIL.COM');   
INSERT INTO EMPLOYEE VALUES (1104,'MTETWA','QWERTY',21,(TO_DATE('1999-12-31','YYYY-MM-DD')),'TECHNICIAN','ZULU','HONOURS',(TO_DATE('2020-01-01','YYYY-MM-DD')),1500,'KGETLENG','MALE','0791730918','MTETWA@HR.COM');
INSERT INTO EMPLOYEE VALUES (1105,'MMELISI','TSHEPO',23,(TO_DATE('1997-03-21','YYYY-MM-DD')),'STATION-MANAGER','SOTHO','PHD',(TO_DATE('2009-07-09','YYYY-MM-DD')),4700,'MORETELE','MALE','0765479931','MTSHEPO@GMAIL.COM');
INSERT INTO EMPLOYEE VALUES (1106,'MODUTWANE','PHAMELA',31,(TO_DATE('1989-09-01','YYYY-MM-DD')),'PRODUCER','SETSWANA','DEGREE',(TO_DATE('2011-03-03','YYYY-MM-DD')),3000,'MADIBENG','MALE','0784566464','MODUTWANEPHAMELA@GMAIL.COM'); 
INSERT INTO EMPLOYEE VALUES (1107,'MORUTI','THUTO',25,(TO_DATE('1995-01-09','YYYY-MM-DD')),'PRODUCER','VENDA','DEGREE',(TO_DATE('2019-04-06','YYYY-MM-DD')),2100,'DITSOBOTLA','FEMALE','0814536512','MORUTITHUTO@GMAIL.COM');   
INSERT INTO EMPLOYEE VALUES (1108,'NGWATO','CASSPER',30,(TO_DATE('1990-11-07','YYYY-MM-DD')),'CLEANER','XHOSA','MATRIC-PASS',(TO_DATE('2012-12-12','YYYY-MM-DD')),1600,'RATLOU','MALE','0713364438','BIBO@GMAIL.COM');
INSERT INTO EMPLOYEE VALUES (1109,'MOROKA','JAMERY',28,(TO_DATE('1992-02-01','YYYY-MM-DD')),'ACCOUNTANT','SEPEDI','MASTERS',(TO_DATE('2020-09-03','YYYY-MM-DD')),4000,'TSWAING','FEMALE','0712830918','MOROKAJ@HD.COM');
INSERT INTO EMPLOYEE VALUES (1110,'ABDUL','TSHEPANG',25,(TO_DATE('1995-03-21','YYYY-MM-DD')),'PRESENTER','SOTHO','DEGREE',(TO_DATE('2009-07-09','YYYY-MM-DD')),2600,'KANANA','MALE','0765479931','MTSHEPO@GMAIL.COM');
INSERT INTO EMPLOYEE VALUES (1111,'MODUTWANE','HEXGON',20,(TO_DATE('2000-07-06','YYYY-MM-DD')),'PRESENTER','TSONGA','GRADE 11',(TO_DATE('2020-04-03','YYYY-MM-DD')),1400,'KLERKSDORP','FEMALE','0751597474','HEXAGONM@GMAIL.COM'); 
INSERT INTO EMPLOYEE VALUES (1112,'SEPENG','WANDO',32,(TO_DATE('1988-11-21','YYYY-MM-DD')),'CLEANER','SWAZI','DEGREE',(TO_DATE('2020-03-22','YYYY-MM-DD')),1000,'KHUMA','MALE','0703035978','NTATEWANDO@GMAIL.COM');   
INSERT INTO EMPLOYEE VALUES (1113,'GENECK','GLORIA',30,(TO_DATE('1990-10-27','YYYY-MM-DD')),'PRESENTER','XHOSA','DIPLOMA',(TO_DATE('2010-11-12','YYYY-MM-DD')),2700,'ITSOSENG','MALE','0766385549','THUTO@GMAIL.COM');
INSERT INTO EMPLOYEE VALUES (1114,'VAN WYK','KEREN',21,(TO_DATE('1999-12-31','YYYY-MM-DD')),'TECHNICIAN','ZULU','MASTERS',(TO_DATE('2020-01-01','YYYY-MM-DD')),1800,'MATLOSANE','MALE','0791730918','MTETWA@HR.COM');
INSERT INTO EMPLOYEE VALUES (1115,'KGWADI','DANIEL',23,(TO_DATE('1997-03-21','YYYY-MM-DD')),'STATION-MANAGER','SOTHO','DEGREE',(TO_DATE('2009-07-09','YYYY-MM-DD')),3900,'RUSTEBURG','MALE','0765479931','MTSHEPO@GMAIL.COM');
INSERT INTO EMPLOYEE VALUES (1116,'CHUEPENG','KEOAGILE',22,(TO_DATE('1998-01-01','YYYY-MM-DD')),'PRESENTER','SETSWANA','HONOURS',(TO_DATE('2020-04-03','YYYY-MM-DD')),1800,'NALEDI','MALE','0794586363','SAVY@GMAIL.COM'); 
INSERT INTO EMPLOYEE VALUES (1123,'MOATSHE','MONAKIWA',24,(TO_DATE('1996-01-09','YYYY-MM-DD')),'PRESENTER','SESOTHO','HONOURS',(TO_DATE('2013-05-07','YYYY-MM-DD')),2800,'MAMUSA','MALE','0723730978','RABO@GMAIL.COM');   
INSERT INTO EMPLOYEE VALUES (1120,'THOBEKA','BEXXA',22,(TO_DATE('1998-01-01','YYYY-MM-DD')),'PRESENTER','SETSWANA','MATRIC',(TO_DATE('2020-04-03','YYYY-MM-DD')),1600,'OTTOSDAL','MALE','0794586363','SAVY@GMAIL.COM'); 
INSERT INTO EMPLOYEE VALUES (1121,'THULO','BOITY',24,(TO_DATE('1996-01-09','YYYY-MM-DD')),'PRESENTER','SESOTHO','DEGREE',(TO_DATE('2013-05-07','YYYY-MM-DD')),2300,'MOGWASE','MALE','0723730978','RABO@GMAIL.COM');   
INSERT INTO EMPLOYEE VALUES (1122,'MOIPOLAI','TEBOGO',30,(TO_DATE('1990-10-27','YYYY-MM-DD')),'PRESENTER','XHOSA','MATRIC',(TO_DATE('2010-11-12','YYYY-MM-DD')),2200,'MMABATHO','MALE','0766385549','THUTO@GMAIL.COM');




CREATE TABLE PRESENTER (
    EMP_ID NUMBER NOT NULL,
    CURRENT_POSITION VARCHAR2(20) NOT NULL,
    TOT_HOURS_WEEK NUMBER NOT NULL,
    TOP_SKILL VARCHAR2(20),
    CONSTRAINT PRESENTER_PK PRIMARY KEY (EMP_ID),
    CONSTRAINT PRESENTER_FK FOREIGN KEY (EMP_ID)
    REFERENCES EMPLOYEE(EMP_ID)
    );
INSERT INTO PRESENTER VALUES (1101,'DJ',38,'MUSIC PRODUCER');
INSERT INTO PRESENTER VALUES (1102,'NEWS-SHOW',30,'INVESTIGATOR');
INSERT INTO PRESENTER VALUES (1111,'TALKSHOW',32,'SOCCER PLAYER');
INSERT INTO PRESENTER VALUES (1113,'POLITICS',20,'POLITICIAN');
INSERT INTO PRESENTER VALUES (1116,'DJ',20,'MUSIC-PRODUCER');
INSERT INTO PRESENTER VALUES (1120,'TALKSHOW',20,'VOCALIST');
INSERT INTO PRESENTER VALUES (1121,'NEWS-SHOW',30,'DESIGNER');
INSERT INTO PRESENTER VALUES (1110,'DJ',25,'VOCALIST');
INSERT INTO PRESENTER VALUES (1122,'POLITICS',21,'SINGER'); 

CREATE TABLE PROGRAM_ (
    PROG_ID NUMBER NOT NULL,
    PROGRAM_NAME VARCHAR2(20) NOT NULL,
    PROGRAM_DURATION VARCHAR2(6) NOT NULL,
    STARTING_TIME VARCHAR2(20) NOT NULL,
    CATEGORY VARCHAR2(20) NOT NULL,
    NUM_OF_SONGS_TOPLAY NUMBER NOT NULL,
    PROGRAM_TOPIC VARCHAR2(30) NOT NULL,
    NEWS_UPDATES VARCHAR2(30) NOT NULL,
    ADVERT_AIRPLAY VARCHAR2(20),
    EMP_ID NUMBER,
    CONSTRAINT PROGRAM_PK PRIMARY KEY (PROG_ID),
    CONSTRAINT PROGRAM_FK FOREIGN KEY (EMP_ID)
    REFERENCES PRESENTER(EMP_ID),
    CONSTRAINT CHK_PROGRAM CHECK (NUM_OF_SONGS_TOPLAY<25)
    ); 
INSERT INTO PROGRAM_ VALUES (171,'MOTSWAKO FRIDAY','2HRS','18:00','COMPETITION',12,'MUSIC BATTLE','UPCOMING ARTISTS','JR IS KING',1101);
INSERT INTO PROGRAM_ VALUES (172,'BREAKFAST SHOW','3HRS','06:00','TALKSHOW',10,'ESSENIAL WORKERS','CORONAVIRUS STATS','SHOP RITE',1111);
INSERT INTO PROGRAM_ VALUES (173,'THE TAKE OFF','3HRS','09:00','TALKSHOW',15,'HOW TO MAKE MONEY','TRAFFIC ON ROADS','BITCOIN',1120);
INSERT INTO PROGRAM_ VALUES (174,'LUNCH PARTY','1HR','12:00','MUSIC AIR-PLAY',24,'LISTEN TO NEW MUSIC','null','PAIN KILLER GRANPA',1110);
INSERT INTO PROGRAM_ VALUES (175,'INFORMATION ON US','2HRS','13:00','NEWS-SHOW',5,'CORONAVIRUS REPORTS','CORONVIRUS','HOW TO WEAR A MASK',1102);
INSERT INTO PROGRAM_ VALUES (176,'TENDER CREATION','2HRS','15:00','POLITICS',10,'INFORMATION ON GOV. TENDERS','POLICE ARRESTS','PRACTICE OF HYGYNE',1113); 


CREATE TABLE MUSIC (
    REG_ID VARCHAR2(40) NOT NULL,
    TITLE VARCHAR2(20) NOT NULL,
    GENRE VARCHAR2(20) NOT NULL,
    ARTIST_NAME VARCHAR2(30) NOT NULL,
    RECORD_LABEL VARCHAR2(30) NOT NULL,
    PROG_ID NUMBER,
    CONSTRAINT MUSIC_PK PRIMARY KEY (REG_ID),
    CONSTRAINT MUSIC_FK FOREIGN KEY (PROG_ID)
    REFERENCES PROGRAM_(PROG_ID)
    );
INSERT INTO MUSIC VALUES ('108F','THE MAN','HIPHOP','RAPSODY','INDEPENDENT',171);
INSERT INTO MUSIC VALUES ('107R','ILOG DRUM','HOUSE','KABZA','WOBOUY RECORDS',171);
INSERT INTO MUSIC VALUES ('101E','AMADEMONI','HIPHOP','CASSPER','UNIVERSAL',171);
INSERT INTO MUSIC VALUES ('107A','WEDDING DAY','HIPHOP','SAINT JHN','ATLANTA',172);
INSERT INTO MUSIC VALUES ('109F','NINA','HIPHOP','RAPSODY','INDEPENDENT',172);
INSERT INTO MUSIC VALUES ('123E','CHICAGO FREESTYLE','HIPHOP','DRAKE','OVO SOUND',172);
INSERT INTO MUSIC VALUES ('100Q','EAZY','HIPHOP','NASTY-C','DEF JAM',173);
INSERT INTO MUSIC VALUES ('111S','ONE WAY','POP','6LACK','INDEPENDENT',173);
INSERT INTO MUSIC VALUES ('190C','PARADISE','HIPHOP','AREECE','RUBBERBAND',173);
INSERT INTO MUSIC VALUES ('140H','JERUSALEM','HOUSE','MASTER KG','INDEPENDENT',173);
INSERT INTO MUSIC VALUES ('130U','UMLILO','HOUSE','DJ ZINTLE','JAAZME',174);

CREATE TABLE GUEST (
    PROG_ID NUMBER NOT NULL,
    GUEST_NAME VARCHAR2(20) NOT NULL,
    AGENDA VARCHAR2(20) NOT NULL,
    CONSTRAINT GUEST_PK PRIMARY KEY (PROG_ID),
    CONSTRAINT GUEST_FK FOREIGN KEY (PROG_ID)
    REFERENCES PROGRAM_(PROG_ID)
    );
INSERT INTO GUEST VALUES (171,'RAPSODY','MUSIC');
INSERT INTO GUEST VALUES (172,'THANDO THABETHE','ESSENIAL WORKERS');
INSERT INTO GUEST VALUES (173,'SIZWE DLOMO','HOW TO MAKE MONEY');
INSERT INTO GUEST VALUES (174,'BLACK COFFEE','RELEASE OF MUSIC');
INSERT INTO GUEST VALUES (175,'DR MKHIZE','CORONAVIRUS');
INSERT INTO GUEST VALUES (176,'FIKILE MBALULA','ONSET TENDERS');
        
CREATE TABLE EQUIPMENT (
    EQUIP_ID NUMBER NOT NULL,
    EQUIP_NAME VARCHAR2(30) NOT NULL,
    EQUIP_TYPE VARCHAR2(30) NOT NULL,
    QUANTITY NUMBER NOT NULL,
    MAINTANANCE_DATE DATE NOT NULL,
    EMP_ID NUMBER,
    CONSTRAINT EQUIPMENT_PK PRIMARY KEY (EQUIP_ID),
    CONSTRAINT EQUIPMENT_FK FOREIGN KEY (EMP_ID)
    REFERENCES PRESENTER(EMP_ID),
    CONSTRAINT CHK_EQUIPMENT CHECK(QUANTITY>4)
    );
INSERT INTO EQUIPMENT VALUES (10179,'SPEAKER','OUTPUT',13,TO_DATE('2021-12-09','YYYY-MM-DD'),1102);
INSERT INTO EQUIPMENT VALUES (10181,'HEADPHONES','OUTPUT',8,TO_DATE('2021-11-02','YYYY-MM-DD'),1102);
INSERT INTO EQUIPMENT VALUES (10182,'DESTOP','COMPUTER',5,TO_DATE('2021-7-30','YYYY-MM-DD'),1102);
INSERT INTO EQUIPMENT VALUES (10183,'MIC','INPUT',12,TO_DATE('2021-05-01','YYYY-MM-DD'),1102);
INSERT INTO EQUIPMENT VALUES (10184,'MIXER','INPUT',6,TO_DATE('2021-02-01','YYYY-MM-DD'),1102);
    
CREATE TABLE ROOM (
    ROOM_NUM NUMBER NOT NULL,
    HEIGHT NUMBER NOT NULL,
    WIDTH NUMBER NOT NULL,
    AREA NUMBER NOT NULL,
    EQUIP_ID NUMBER,
    CONSTRAINT ROOM_PK PRIMARY KEY (ROOM_NUM),
    CONSTRAINT ROOM_FK FOREIGN KEY (EQUIP_ID)
    REFERENCES EQUIPMENT(EQUIP_ID),
    CONSTRAINT CHK_ROOM CHECK (AREA>0)
    );
INSERT INTO ROOM VALUES (2001,23,24,552,10179);
INSERT INTO ROOM VALUES (2002,24,25,600,10179);
INSERT INTO ROOM VALUES (2003,10,12,120,10181);
INSERT INTO ROOM VALUES (2004,11,20,200,10182);
INSERT INTO ROOM VALUES (2005,24,25,600,'');
INSERT INTO ROOM VALUES (2006,28,26,728,10184);
INSERT INTO ROOM VALUES (2007,29,24,696,10181)